,id,name,host_id,host_profile_id,host_name,neighbourhood_group,neighbourhood,latitude,longitude,room_type,price,minimum_nights,number_of_reviews,last_review,reviews_per_month,calculated_host_listings_count,availability_365,number_of_reviews_ltm,license
200,376740,Stay in the guest room and get the whole house!,1803588.0,1.462520467032946e+18,Todd,Other Cities,Hermosa Beach,33.85446,-118.39645,Private room,,2.0,399,2026-05-31,2.3,2.0,0,24,
400,1290697,1920s Hollywood 3BR with Jacuzzi and private yard!,7018329.0,1.4627213678903877e+18,Jill Armenante,City of Los Angeles,Larchmont,34.07926,-118.32069,Entire home/apt,,30.0,10,2016-01-01,0.07,1.0,0,0,HSR20-000271
600,1589503,LIVE IN A HOCKNEY PAINTING #2 TOP OF LAUREL CANYON,92003.0,1.4625093775657615e+18,Rosalee,City of Los Angeles,Hollywood Hills West,34.11259,-118.38873,Private room,94.0,30.0,38,2025-06-04,0.25,3.0,335,0,Exempt - This listing is a hotel or motel
800,1786575,Sunny House minutes from the beach!,9376474.0,1.4628125104460419e+18,Thomas,City of Los Angeles,Westchester,33.97297,-118.38414,Entire home/apt,1001.0,1.0,155,2026-06-14,1.02,2.0,70,9,HSR19-000112
1000,2694910,PRIVATE ROOM IN 2 BDR APT (FEMALE ONLY),13682855.0,1.4629191116068897e+18,Pedro,City of Los Angeles,Sawtelle,34.04892,-118.46016,Private room,,30.0,14,2019-04-05,0.12,3.0,0,0,
1200,3742328,Pool View Completely Detached Studio in the Valley,19137950.0,1.463070454165643e+18,Margaux,City of Los Angeles,North Hollywood,34.1856,-118.39612,Entire home/apt,118.0,30.0,127,2026-05-01,1.11,2.0,250,4,HSR20-000603
1400,4623562,Garden Casita Retreat w/ private bathroom,5154680.0,1.4626741055414449e+18,Kathy,City of Los Angeles,Beverly Grove,34.0786,-118.36687,Private room,101.0,30.0,118,2025-12-16,0.87,3.0,207,1,HSR19-002896
1600,5617409,Charming Silver Lake Cottage,28398362.0,1.465419212605861e+18,Nicole,City of Los Angeles,Echo Park,34.08283,-118.2687,Entire home/apt,315.0,6.0,121,2026-06-03,0.89,1.0,62,14,HSR22-004301
1800,7180285,"NICE! 2 Bedrooms w/ Queen Beds & Bath, 1-4 people",30415099.0,1.462651471734861e+18,Jim,City of Los Angeles,Woodland Hills,34.1562,-118.61674,Private room,100.0,30.0,55,2020-11-19,0.41,1.0,71,0,HSR19-000313
2000,7385035,"Visit Malls and Spas From a  Cozy Townhouse
 Near Pasadena",5068133.0,1.4626720514583575e+18,⁨Niroo( Knee- Roo)⁩,Other Cities,Arcadia,34.12789,-118.06094,Private room,91.0,9.0,60,2025-10-30,0.47,2.0,276,2,
2200,7939934,Private Guest House Beverly Hills,35853398.0,1.4655312668095327e+18,Heather,Other Cities,Beverly Hills,34.07127,-118.39104,Entire home/apt,279.0,5.0,4,2019-06-21,0.03,2.0,365,0,
2400,9865528,Historic LA Oasis with outdoor courtyard,8914537.0,1.4627902157214508e+18,Trevor,City of Los Angeles,Hollywood Hills,34.10824,-118.33532,Entire home/apt,233.0,1.0,794,2026-06-12,8.02,1.0,219,82,HSR24-000080
2600,10106305,"One Guest, Adjacent Private Bath, NO kitchen use",38187502.0,1.4655714826203804e+18,Valle,Other Cities,Culver City,34.01108,-118.4044,Private room,,1.0,469,2025-11-16,3.69,1.0,0,16,
2800,11316497,Bright & Airy 2 BD Echo Park Home,30999266.0,1.4654562979993267e+18,Steven,City of Los Angeles,Echo Park,34.07729,-118.25162,Entire home/apt,,30.0,2,2016-08-21,0.02,1.0,0,0,
3000,12712734,Ocean view studio on the beach,36686276.0,1.465546643700687e+18,Gregor,Other Cities,Hermosa Beach,33.85844,-118.40046,Entire home/apt,,5.0,3,2016-08-22,0.02,1.0,0,0,
3200,13377441,Modern Moroccan Pool Paradise near WEHO/Bev Center,27423558.0,1.462640961047811e+18,Joel,City of Los Angeles,Beverly Grove,34.07954,-118.37302,Entire home/apt,1459.0,3.0,295,2026-05-31,2.43,1.0,296,30,HSR25-001233
3400,14672927,2 Bedroom Newly Remodeled Comfy Modern Apartment,43309696.0,1.465643121741178e+18,Mieko,Other Cities,Torrance,33.87395,-118.35047,Entire home/apt,194.0,3.0,312,2026-05-25,2.63,2.0,124,24,
3600,14845815,Comfy Sofa:Walking Distance to UCLA,38987205.0,1.465582374332023e+18,G,City of Los Angeles,Westwood,34.0515,-118.43641,Shared room,,30.0,37,2020-03-24,0.31,4.0,0,0,
3800,15885746,PASADENA ROSEBOWL HOME! 2B/2B Best Location!,3371032.0,1.4626270143027277e+18,Mariann,Other Cities,Pasadena,34.15732,-118.16092,Entire home/apt,447.0,3.0,54,2026-04-18,0.47,1.0,143,9,SRU2020-00086
4000,16917191,The HOUSE with the BLUE door! - Quiet Family Home!,17645569.0,1.4630149908727793e+18,Brian,Other Cities,Culver City,34.01638,-118.40515,Entire home/apt,603.0,2.0,60,2025-12-29,0.53,1.0,6,3,
4200,17924721,Want to Stay at a Private Zoo !?,23499054.0,1.4626255030138798e+18,Cory,Unincorporated Areas,Tujunga Canyons,34.318902874859475,-118.32659662719632,Private room,571.0,1.0,0,,,1.0,365,0,
4400,18041804,"West LA, 202Wilshire Corridor, Exclusive and Clean",124141920.0,1.4682536575789527e+18,Ken,City of Los Angeles,Westwood,34.06300756675227,-118.43175358008418,Entire home/apt,167.0,31.0,27,2025-02-28,0.24,5.0,322,0,
4600,19594272,"Comfy, stylin' homebase for the beach and beyond.",137750525.0,1.4683687397196547e+18,Will,City of Los Angeles,Mar Vista,34.0003,-118.43635,Entire home/apt,,30.0,8,2018-07-08,0.07,1.0,0,0,
4800,20070651,Comfortable Mid-City Studio | Kitchen + AC,126614675.0,1.4682743348128788e+18,Alexander Peter,City of Los Angeles,Mid-City,34.0404,-118.35624,Entire home/apt,,380.0,21,2026-03-17,0.2,4.0,204,3,
5000,20985214,Central Eagle Rock | Close To Shops & Dining,5990891.0,1.4625433347031555e+18,Jone Nhan,City of Los Angeles,Eagle Rock,34.13747,-118.217491,Entire home/apt,140.0,31.0,40,2024-06-16,0.38,14.0,319,0,
5200,21203281,106 Bright World Cup Retreat - Saltwater Pool,10832832.0,1.4625760483293507e+18,Katy & Team,City of Los Angeles,Lake Balboa,34.20734,-118.51681,Entire home/apt,545.0,30.0,16,2021-08-15,0.16,71.0,215,0,
5400,22340177,Cheerful 1 Bedroom Venice Canals,90089976.0,1.4670905187931044e+18,Tali,City of Los Angeles,Venice,33.98721,-118.46499,Entire home/apt,,30.0,0,,,1.0,0,0,
5600,23294079,Cozy Two-Bedroom Cottage near downtown Culver City,40064204.0,1.465597746968555e+18,Patricia,Other Cities,Culver City,34.020275710960604,-118.39471513962684,Entire home/apt,,2.0,55,2019-05-19,0.54,1.0,0,0,
5800,25256092,Modern LA Home + Jacuzzi (Sofi-LAX-Forum-USC),16050409.0,1.462977068622591e+18,Justin,City of Los Angeles,Manchester Square,33.96332,-118.31379,Entire home/apt,468.0,1.0,132,2026-05-16,1.35,1.0,297,23,HSR21-000783
6000,25516397,Beautiful Brentwood Home with Big Kitchen and Yard,2942416.0,1.4626130726753285e+18,Basil,City of Los Angeles,Brentwood,34.05173,-118.46605,Private room,,30.0,12,2018-09-15,0.12,1.0,0,0,
6200,26167685,Simple Clean Place To Crash in NOHO,42143645.0,1.4656269851183114e+18,Zahara,City of Los Angeles,North Hollywood,34.15984,-118.3675,Private room,,30.0,0,,,1.0,0,0,
6400,27531021,Spacious 2BR Long Beach Stay | Compact Parking,2633402.0,1.4625253942940262e+18,Simone,Other Cities,Long Beach,33.79591,-118.1229,Entire home/apt,,2.0,81,2026-04-07,0.85,1.0,1,9,PRP21-00036
6600,27697124,Amazing DTLA 3 Bed 2 Bath Luxury Pad W/ Loft,107175934.0,1.4672990627080115e+18,Von,City of Los Angeles,Westlake,34.05643,-118.28859,Entire home/apt,211.0,30.0,22,2019-03-11,0.23,1.0,180,0,
6800,30014270,Cuarto pequeño con bańo privado en casa familiar,220793143.0,1.469166081567928e+18,Celia Elena,Other Cities,Hawthorne,33.90618,-118.33096,Private room,,1.0,93,2022-11-12,1.01,2.0,0,0,
7000,30268334,High Desert Oasis,37046384.0,1.4655517423006922e+18,Challen,Other Cities,Palmdale,34.5911,-118.16172,Private room,,1.0,22,2019-08-25,0.24,1.0,0,0,
7200,31362585,Cozy Private Studio w/ Full Kitchen & Washer/Dryer,132448096.0,1.4683245850900652e+18,Ava,City of Los Angeles,West Hills,34.19094,-118.64787,Entire home/apt,83.0,30.0,30,2026-03-09,0.33,1.0,138,2,HSR19-003864
7400,33136887,"SoCal guest suite w/private  bath, 5 min to beach",38208066.0,1.4655717237454019e+18,Daniel & Ivy,Other Cities,Torrance,33.83534,-118.36853,Private room,96.0,1.0,939,2026-06-09,10.69,1.0,81,138,
7600,33453303,EXTENDED STAY - ONE Block to City Center. Parking!,56504568.0,1.465924633514324e+18,Samantha,Other Cities,Glendale,34.14774,-118.26279,Entire home/apt,120.0,25.0,49,2026-05-31,0.57,2.0,271,2,
7800,34212704,1 Bedroom Apartment close to beach & parks & cafes,20177365.0,1.4631009650523077e+18,Ashley,Other Cities,Long Beach,33.76745,-118.16774,Entire home/apt,103.0,31.0,3,2025-10-19,0.07,1.0,76,1,
8000,35543837,Close to the hottest Asian cuisine East of L.A.,25504232.0,1.4653441629366738e+18,Francisco,Other Cities,Rosemead,34.05805,-118.10431,Private room,,2.0,2,2020-01-02,0.02,1.0,0,0,
8200,35516220,"Cabin in the Sky: Epic Views, in Dwell, NY Times",14028184.0,1.4629287980756293e+18,Aradhna,Unincorporated Areas,Topanga,34.07619,-118.60034,Entire home/apt,227.0,30.0,32,2025-05-30,0.38,2.0,76,0,
8400,36805021,WOW!!! PRESTIGIOUS and PRIVATE!!!!!,276644913.0,1.46945852944069e+18,Cali West,Other Cities,Rancho Palos Verdes,33.73731,-118.35989,Entire home/apt,,30.0,0,,,3.0,0,0,
8600,39485953,Quiet Sherman Oaks Bungalow with Pool and Jacuzzi,530877.0,1.4625124522791974e+18,Gilli,City of Los Angeles,Van Nuys,34.17414,-118.45117,Entire home/apt,114.0,30.0,3,2026-05-22,0.15,1.0,358,2,HSR19-002325
8800,39246841,The Palmas House - 3/bed 2/ba + guesthouse + pool,170641.0,1.4625102065617928e+18,Mariel,City of Los Angeles,Hollywood,34.08566,-118.33578,Entire home/apt,,90.0,0,,,1.0,0,0,
9000,39835694,Private Guesthouse 2 miles to the Beach,5962546.0,1.46269401530932e+18,Nelley,Other Cities,Torrance,33.80114,-118.34513,Entire home/apt,89.0,31.0,15,2026-05-03,0.19,3.0,288,1,
9200,41109649,Historic Italian Vibes - Mountain View!,79577138.0,1.462824828944735e+18,Nancy,Other Cities,Glendale,34.17464,-118.27155,Private room,252.0,2.0,17,2026-01-02,0.22,2.0,89,1,
9400,41588008,Lovely Private Guest FamilyRoom close to Hollywood,160106273.0,1.4685576303603005e+18,Dario Filiberto,City of Los Angeles,Valley Glen,34.17498,-118.39786,Private room,71.0,30.0,25,2026-01-25,0.38,2.0,136,3,
9600,43079217,Glendale Studio,260753302.0,1.4693778872044204e+18,Edgar,Other Cities,Glendale,34.13828,-118.25455,Entire home/apt,,3.0,2,2020-04-20,0.03,1.0,0,0,
9800,43222348,Fresh 2BR Canal Home w/ Gym + Bikes | Walkable,237686624.0,1.4692647338576952e+18,Harry,Other Cities,Long Beach,33.75228,-118.12245,Entire home/apt,374.0,1.0,287,2026-06-10,4.97,1.0,170,60,NRP22-00665
10000,44368051,Relax space in Mt Washington,3380462.0,1.4625296155424755e+18,Raquel,City of Los Angeles,Mount Washington,34.1016,-118.22624,Entire home/apt,93.0,30.0,0,,,2.0,257,0,
10200,44139490,Beachwood Living in Hollywood Hills,273612630.0,1.4694438523021517e+18,Danny,City of Los Angeles,Hollywood Hills,34.11391,-118.32158,Private room,79.0,30.0,0,,,3.0,87,0,
10400,45127845,safe and calm area,364342095.0,1.46973259433923e+18,Arda,Other Cities,Santa Clarita,34.429,-118.4791,Entire home/apt,36.0,2.0,40,2024-06-30,0.57,1.0,20,0,
10600,45869602,1 bedroom condo in Tarzana,371872955.0,1.4697535571943066e+18,Jonathan,City of Los Angeles,Tarzana,34.17234,-118.53099,Entire home/apt,,30.0,0,,,1.0,270,0,
10800,46535277,Prime Highland Park Walking distance to York & Fig,32694300.0,1.4626593978881546e+18,Vivian,City of Los Angeles,Highland Park,34.11668,-118.20348,Entire home/apt,137.0,31.0,18,2025-04-20,0.3,2.0,32,0,
11000,46731537,Modern House with Pool (steps to Beverly Hills),9662298.0,1.4625705969873441e+18,Joel,Other Cities,West Hollywood,34.07776,-118.38738,Entire home/apt,556.0,31.0,8,2024-05-01,0.14,3.0,177,0,
11200,47836739,Cozyroom 1/TV/Qbed/memoryfoam mattress/shared bath,378859287.0,1.4697741400672937e+18,Cindy,Other Cities,La Puente,34.04953,-117.97158,Private room,,1.0,108,2026-05-21,1.66,14.0,0,9,
11400,48020504,"WEHO Home w/ pool, jacuzzi, and outdoor shower",166598452.0,1.4686146941027034e+18,Jimmy,City of Los Angeles,Beverly Grove,34.07719,-118.36732,Entire home/apt,1115.0,30.0,0,,,1.0,364,0,
11600,49417559,The Rosalita House,29269223.0,1.4654312334457247e+18,Carrie,Other Cities,Long Beach,33.77271,-118.15759,Entire home/apt,331.0,2.0,147,2026-06-07,2.37,1.0,306,25,NRP22-00662
11800,49592867,Log Cabin Cottage Near the Sea w/ Private Yard!,2344764.0,1.462592596834955e+18,Kevin,City of Los Angeles,Venice,33.987483978271484,-118.46728515625,Entire home/apt,,31.0,22,2024-03-10,0.35,5.0,0,0,Exempt - This listing is a bed and breakfast
12000,50936312,California Dreaming Bungalow with Modern day Charm,109408092.0,1.4673243900064166e+18,Jose,Other Cities,Long Beach,33.77734,-118.17478,Private room,59.0,31.0,6,2025-10-09,0.13,1.0,127,1,Exempt
12200,51021189,Casa Riviera,412746811.0,1.4698808000978627e+18,Joseph,Other Cities,Torrance,33.81436,-118.38582,Entire home/apt,1449.0,30.0,1,2022-01-02,0.02,1.0,365,0,
12400,51920556,"Spacious 1BD/1BA with Balcony,Gym,Pool,Parking!",374464274.0,1.469761655941433e+18,DSPG Management,City of Los Angeles,Mid-Wilshire,34.058,-118.35497,Entire home/apt,117.0,31.0,20,2026-05-07,0.43,51.0,307,4,
12600,52131325,Luxury 1br Condo in DTLA!,397885133.0,1.4698306074972936e+18,Xavier,City of Los Angeles,Downtown,34.05163,-118.25692,Entire home/apt,217.0,30.0,2,2021-10-03,0.03,1.0,365,0,HSR19-100231
12800,52507323,Lovely 2 Bedroom Loft with Pool,424315413.0,1.469924642687929e+18,Bella,City of Los Angeles,Downtown,34.04465,-118.25175,Entire home/apt,183.0,30.0,0,,,1.0,364,0,HSR19-452553
13000,52827239,King/Queen Elegance & Comfort 2-Story with Views!,297263260.0,1.4634069711084344e+18,Kevin,Other Cities,Burbank,34.1962,-118.32391,Entire home/apt,407.0,2.0,50,2026-04-12,0.88,16.0,352,5,
13200,53876129,Luxurious Eclectic Mid-Century House,118377332.0,1.462913772251801e+18,Stephane,City of Los Angeles,Eagle Rock,34.135041053361675,-118.22522072745645,Entire home/apt,296.0,30.0,3,2023-08-04,0.08,1.0,287,0,HSR22-000064
13400,53783644,"Modern Home close to SoFi Stadium, LAX & Beaches",177028080.0,1.4687144684187095e+18,Bardia,Other Cities,Inglewood,33.94955,-118.32041,Entire home/apt,783.0,2.0,142,2026-06-01,2.61,2.0,246,36,STR24-00046
13600,54392213,"Private bungalow close to beach, food & shopping",12810448.0,1.4628961826042004e+18,Allison,City of Los Angeles,Venice,33.989,-118.44901,Entire home/apt,,30.0,46,2023-02-20,0.91,1.0,0,0,HSR22-000821
13800,560404891708818119,Entire Quiet Home & Yard Near Beach Sofi LAX,6571532.0,1.4627098167686692e+18,Ian,Other Cities,Hawthorne,33.8959,-118.34008,Entire home/apt,477.0,1.0,110,2026-05-31,2.15,1.0,147,7,
14000,566591203539900356,Garden Suite with a Private Deck,20674654.0,1.4626141111727127e+18,Amnon,Other Cities,Burbank,34.19894,-118.30743,Entire home/apt,183.0,1.0,121,2026-06-10,2.44,2.0,158,84,
14200,573032880193658263,New guest house/kitchen/Laundry/TV/gate parking,298837285.0,1.4634102095871188e+18,Jenny,Other Cities,Baldwin Park,34.07398,-117.98529,Entire home/apt,124.0,1.0,244,2026-05-24,4.68,4.0,304,45,
14400,574606879781266868,"Designer Estate w/ Pool, Spa, and Iconic LA Views",417195791.0,1.469896391907299e+18,The Maimon Group,City of Los Angeles,Hollywood Hills West,34.0917,-118.38911,Entire home/apt,4750.0,31.0,5,2024-01-22,0.1,58.0,89,0,HSR23-003292
14600,602281427377852998,Charming Spanish Gem by the Beach,165803414.0,1.4686088958648914e+18,Michelle,Other Cities,Long Beach,33.76532,-118.14776,Entire home/apt,119.0,31.0,17,2026-05-01,0.36,3.0,157,4,
14800,622356929710229633,Private Suite & Floor - 3 blocks from the beach,36487409.0,1.4655424976372782e+18,Natalie,Other Cities,Redondo Beach,33.8497,-118.3875,Private room,194.0,1.0,236,2026-06-09,4.74,1.0,168,48,
15000,632591401745175246,A Treehouse in the Forest,170076713.0,1.4686438206708552e+18,Teresa,Unincorporated Areas,Topanga,34.09241,-118.6014,Entire home/apt,,3.0,31,2024-02-19,0.63,1.0,364,0,
15200,646872164378430290,Huge Master Bedroom suite. TV- Mini fridge,386323625.0,1.4697948992606595e+18,Mike,City of Los Angeles,West Hills,34.21489,-118.64812,Private room,61.0,30.0,2,2022-11-12,0.04,3.0,347,0,HSR22-001572
15400,654411134293360370,Fabulous NoHo Retreat,163476998.0,1.46859075706248e+18,Roni Rok,City of Los Angeles,Valley Village,34.15735,-118.38347,Entire home/apt,138.0,30.0,16,2025-03-31,0.35,8.0,364,0,HSR22-002328
15600,680301812424175952,Level South Olive - Beautiful One Bedroom Suite,30850484.0,1.4654543729305587e+18,Level Hotels,City of Los Angeles,Downtown,34.0438745,-118.2578334,Entire home/apt,215.0,30.0,4,2025-11-06,0.1,154.0,365,1,
15800,687850970434539814,2 Private rooms in Lynwood,473697551.0,1.463786808715235e+18,Leopoldo,Other Cities,Lynwood,33.93367,-118.19852,Private room,286.0,2.0,84,2026-05-21,1.81,1.0,225,21,
16000,694580644173386630,Charming Studio Vacation Home,6080611.0,1.462697412253986e+18,Krista,City of Los Angeles,Exposition Park,34.01857,-118.31569,Entire home/apt,,30.0,9,2026-04-30,0.21,1.0,21,1,Exempt - This listing is a transient occupancy residential structure
16200,698097753730921190,方便易居驿站03,444692513.0,1.4637180336069092e+18,Hannah,Other Cities,Pomona,34.0479,-117.76963,Private room,55.0,2.0,73,2026-06-02,1.59,3.0,266,29,
16400,716668081499806569,Lovely 2BR 1BA near LA Convention Center And USC,179838046.0,1.4687364993644132e+18,Javier A,City of Los Angeles,Pico-Union,34.04345,-118.27883,Entire home/apt,112.0,31.0,7,2026-01-12,0.17,2.0,350,1,
16600,749933226613305882,Stylish+Spacious Studio in the Heart of the Valley,485798642.0,1.4701868970343777e+18,Ruth,City of Los Angeles,Granada Hills,34.2614,-118.48545,Entire home/apt,,30.0,44,2023-11-02,1.02,1.0,0,0,HSR22-003294
16800,739260268605355403,"Stunning 1 Bedroom Loft HotTub, Pool, Gym, Parking",5675996.0,1.462686607846769e+18,Bj,City of Los Angeles,Studio City,34.1408708,-118.3682041,Entire home/apt,175.0,30.0,4,2025-02-22,0.12,1.0,185,0,HSR22-003619
17000,740179996505781559,"Golden Cove (Rancho Palos 
Verdes) View Home",10492952.0,1.4628420741282934e+18,Aric,Other Cities,Rancho Palos Verdes,33.74992277375894,-118.40727031230924,Entire home/apt,357.0,30.0,6,2026-05-04,0.15,1.0,302,2,
17200,769237472922294143,"Venice CA ""The Steel Rose"" Flat",182280566.0,1.4687588378908787e+18,Monika,City of Los Angeles,Venice,33.99811,-118.47424,Entire home/apt,911.0,2.0,35,2026-06-08,0.84,4.0,337,14,HSR25-002257
17400,783298137009435772,Stunning Lux 2BD High Rise w/ city views of DTLA,489265660.0,1.4702021668889925e+18,Holly,Other Cities,Vernon,33.99899,-118.23535,Entire home/apt,377.0,2.0,154,2026-05-25,3.64,1.0,66,49,
17600,789956235147974665,"Beautiful mansion, farmhouse",346499255.0,1.469686267487825e+18,Liat,Other Cities,Beverly Hills,34.061569173362166,-118.38999236921671,Entire home/apt,,30.0,0,,,1.0,365,0,
17800,793437131435213847,Cozy Queen Studio in with Private Patio - C6,1757749.0,1.4625776369050452e+18,Manouch,City of Los Angeles,Del Rey,34.00211,-118.41327,Entire home/apt,92.0,31.0,1,2025-06-02,0.08,15.0,145,0,
18000,830631915452567216,DTLA breathtaking Views with Assigned Parking,294798688.0,1.4695216969089782e+18,Cheng-Yin,City of Los Angeles,Downtown,34.04902,-118.24823,Entire home/apt,129.0,31.0,0,,,5.0,288,0,
18200,821097894532217999,Ideal Mix of Comfort and Value! Rooftop Pool,468914943.0,1.4701142821308321e+18,RoomPicks,Other Cities,West Hollywood,34.08424,-118.37788,Entire home/apt,496.0,1.0,0,,,49.0,334,0,Exempt
18400,842973671895872780,Botticelli Large Suite with large bathroom,475498312.0,1.4701437814191245e+18,Crystal,Other Cities,Santa Clarita,34.44052,-118.4113,Private room,102.0,1.0,211,2026-05-31,5.37,5.0,266,41,
18600,859503276762303664,"Relax and Unwind! Outdoor Pool, Pets Allowed!",501999514.0,1.470257160985456e+18,RoomPicks,City of Los Angeles,Chatsworth,34.24952,-118.60492,Private room,225.0,1.0,89,2026-06-07,2.44,76.0,364,66,Exempt - This listing is a hotel or motel
18800,864070111133705719,Steps to parks/shops | FWYS 5 min |Tranquil escape,205153511.0,1.469070155667568e+18,Patrick,Other Cities,Lakewood,33.8368326289163,-118.1110799368972,Entire home/apt,196.0,3.0,23,2026-05-24,0.62,1.0,66,16,
19000,885599472165069379,"Quiet area, private road, local",447465333.0,1.470015025012182e+18,Eyad,Other Cities,Lancaster,34.6539,-118.15747,Private room,,1.0,0,,,2.0,269,0,
19200,879502800088225926,Patio & Garage | 4B Lancaster Home E#41390,414420881.0,1.467924896318366e+18,Eric Lee,Other Cities,Lancaster,34.67088,-118.23725,Entire home/apt,222.0,14.0,2,2025-09-18,0.1,36.0,365,1,
19400,894343391784169799,Sunshine King in NoHo Art District at Hesby House,449090851.0,1.463728607625703e+18,Becki,City of Los Angeles,North Hollywood,34.16260822803412,-118.36670049748658,Private room,66.0,30.0,2,2023-12-17,0.06,18.0,360,0,
19600,906557841397843751,Cozy quiet master suite in LA,92176497.0,1.4671133452660838e+18,Michael,Other Cities,San Gabriel,34.0823277222744,-118.09799125616075,Private room,,394.0,0,,,2.0,365,0,
19800,904501353924175352,The Green Book Loft,517768932.0,1.4703294892540634e+18,Sarkis,City of Los Angeles,Valley Village,34.155695768007966,-118.3945369349182,Entire home/apt,200.0,30.0,5,2026-05-06,0.14,2.0,279,1,
20000,924891220413973115,Lovely home with patio near Universal & Hollywood,130173258.0,1.4683047689844099e+18,Joe,City of Los Angeles,North Hollywood,34.182944448464205,-118.39195782466275,Entire home/apt,581.0,2.0,43,2026-06-09,1.43,1.0,163,16,HSR25-000552
20200,932839316037291213,Cozy scenic Yurt 90 mins from la.,18268271.0,1.4626054964210688e+18,Kyle,Unincorporated Areas,Northeast Antelope Valley,34.61753,-117.75666,Entire home/apt,14.0,31.0,3,2025-10-20,0.09,1.0,269,1,
20400,938909207139387433,"Blueground | Playa Vista, pool & gym, nr beach",107434423.0,1.462889176402806e+18,Blueground,City of Los Angeles,Playa Vista,33.980471,-118.414713,Entire home/apt,,31.0,0,,,254.0,197,0,
20600,951425857447120236,Trending 3B3B BIG Townhouse in Walkable Alhambra,19236518.0,1.4630724726082877e+18,LAhome,Other Cities,Alhambra,34.088,-118.12085,Entire home/apt,283.0,1.0,85,2026-06-06,2.47,86.0,181,25,
20800,970345663529194124,Comfort room for 1 person,230809960.0,1.4632367690983652e+18,Liang,Other Cities,Azusa,34.1225,-117.91201,Private room,78.0,5.0,11,2024-10-31,0.33,2.0,70,0,
21000,976256199792332005,"75 steps to the sand sleeps 6, 2bd/2ba, AC & prkng",64464060.0,1.4667959952490153e+18,Suzanne,Other Cities,Long Beach,33.757761455640676,-118.13086766704438,Entire home/apt,530.0,3.0,54,2026-06-10,1.66,5.0,117,24,NRP22-00625
21200,984982533581083323,Extended Stay Guest House Near LAX/SoFi!,443004807.0,1.4699983130565194e+18,Tuko,Unincorporated Areas,Westmont,33.94881,-118.30063,Entire home/apt,85.0,5.0,13,2026-04-15,0.39,1.0,61,4,
21400,999933326934783800,Hollywood Hills 5BR Villa with Incredible Views,492073645.0,1.4702156467634168e+18,Chelsea And Chris,City of Los Angeles,Hollywood Hills,34.107250526308,-118.3353018834657,Entire home/apt,916.0,2.0,58,2026-06-07,1.81,1.0,151,20,HSR24-003085
21600,997875510705536433,Stylish & Peaceful Urban Retreat,459573832.0,1.4637541947820155e+18,Lucy,Other Cities,Downey,33.944986994987346,-118.1144417,Entire home/apt,180.0,2.0,34,2025-09-07,1.05,6.0,310,9,
21800,1009595737879932818,Sunset Oasis,337501809.0,1.4696552831068124e+18,Bailie,City of Los Angeles,Hollywood,34.0970663,-118.3187618,Entire home/apt,146.0,30.0,0,,,1.0,359,0,Exempt - This listing is a transient occupancy residential structure
22000,1022145164351550071,"Close to Metro! Easy, new, plus a garage.",104370562.0,1.467254576355241e+18,Gretchen,City of Los Angeles,Highland Park,34.0963524406191,-118.20831901828042,Entire home/apt,,30.0,17,2025-05-03,0.56,1.0,0,0,HSR23-003333
22200,1034106472807365337,Designer DTLA Loft Near Arts District,477689449.0,1.470152537018089e+18,Eva,City of Los Angeles,Downtown,34.0509671,-118.2448504,Entire home/apt,123.0,30.0,7,2025-12-17,0.4,1.0,202,4,
22400,1042867016305404109,Eclectic Loft; City Gem DTLA; Sleeps 5,544179016.0,1.4704371202774464e+18,Lux,Other Cities,West Hollywood,34.08999573329183,-118.36418437545444,Entire home/apt,285.0,1.0,0,,,5.0,21,0,Exempt
22600,1048312254774316787,Jackson's Boutique Canopy Studio,24641596.0,1.4653113396027953e+18,Fawaz,Other Cities,Culver City,34.01600087711878,-118.3967325842936,Entire home/apt,497.0,2.0,28,2026-05-31,0.94,16.0,324,15,
22800,1066263505549163827,Cozy Private Studio near DT/USC,202485995.0,1.469056583814216e+18,Demetrius,City of Los Angeles,Vermont Square,34.00283800683973,-118.29720989958844,Entire home/apt,156.0,2.0,47,2026-06-13,1.91,1.0,98,23,HSR25-001942
23000,1074056645282316105,共用卫生间的一个独立房间,511183607.0,1.4702986403695846e+18,Mike,Other Cities,Alhambra,34.06559097432616,-118.14252256831776,Private room,81.0,2.0,35,2026-05-24,1.22,7.0,259,14,
23200,1082043414324830582,Cozy Renovated House • Near Dining & Markets,309661777.0,1.4695771237177623e+18,Jing,Unincorporated Areas,South San Gabriel,34.0527549,-118.0960594,Entire home/apt,270.0,1.0,104,2026-06-13,3.77,1.0,195,51,
23400,1086520204586708242,"(B)New studio, washer dryer",20080958.0,1.4630988939291154e+18,Sanjiv,City of Los Angeles,Mid-City,34.047386885156335,-118.3532016067127,Entire home/apt,81.0,30.0,3,2026-02-11,0.38,6.0,256,3,
23600,1097479642784281806,"Rancho Palos Verdes, California Near Redondo Beach",486008270.0,1.4701877239727688e+18,Ravin,Other Cities,Rolling Hills Estates,33.78057,-118.37366,Private room,217.0,1.0,0,,,1.0,89,0,
23800,1113939880850748769,Brand New! Cozy Bedroom south La|DTLA|EXPO line,542364477.0,1.4704298454164344e+18,Darin,City of Los Angeles,Exposition Park,34.01713,-118.30949,Private room,33.0,30.0,5,2026-02-13,0.2,4.0,68,1,
24000,1117621623906257195,Private Bedroom w/ 3 beds| Koreatown Near DTLA,567816362.0,1.4705266215981868e+18,Joyce,Other Cities,Beverly Hills,34.06222977083374,-118.4059781964203,Private room,147.0,2.0,28,2026-05-24,1.07,8.0,156,16,
24200,1122670703887751615,Spacious and Sunny Flat in Heart of WEHO!,424466107.0,1.469925274804923e+18,Blake,Other Cities,West Hollywood,34.08999731185548,-118.36215321025692,Entire home/apt,230.0,2.0,22,2026-06-05,0.84,5.0,256,16,Exempt
24400,1145767577986080764,"ৎ୭ Elm Mountain Viewৎ୭ Fire pit, quiet and more",486068074.0,1.4638156715296868e+18,Britney And Joseph,City of Los Angeles,Tujunga,34.23859,-118.27702,Entire home/apt,209.0,30.0,4,2026-04-09,0.27,25.0,326,3,
24600,1154453527668526219,Getaway Retreat Sleeps 7 Guest Home,170985204.0,1.4686616748292058e+18,Global Exclusive Rentals,City of Los Angeles,Valley Village,34.17175312317253,-118.41186293825022,Entire home/apt,340.0,30.0,0,,,13.0,365,0,HSR23-002794
24800,1158280726917539093,Mid-City Oasis,22244636.0,1.4631751323839703e+18,Anedra,City of Los Angeles,Mid-Wilshire,34.05212,-118.33748,Entire home/apt,446.0,30.0,0,,,1.0,228,0,
25000,1167439671540283234,H:Great room/shared bathroom/Free parking,482541462.0,1.4701729597189586e+18,Jiao,Unincorporated Areas,Hacienda Heights,33.99553,-117.9747,Private room,84.0,1.0,32,2026-04-02,1.78,10.0,268,18,
25200,1173245853924962470,Audrey Studio Apartment in Ktown,98675144.0,1.4671863048420372e+18,Nadia,City of Los Angeles,Westlake,34.055929013462645,-118.28773793825384,Entire home/apt,85.0,30.0,0,,,9.0,319,0,
25400,1183009814551965647,A Unique Studio+Bathroom+Parking,216065953.0,1.469133406522821e+18,Niaz,Other Cities,El Segundo,33.92975,-118.40344,Entire home/apt,244.0,30.0,12,2025-10-08,0.52,8.0,270,2,45458
25600,1191091375939065048,*2BR Monrovia Near LA Sights,39082970.0,1.4626804069381652e+18,Jsd,Other Cities,Monrovia,34.13712,-117.99743,Entire home/apt,411.0,1.0,8,2026-05-05,0.34,23.0,324,4,
25800,1191429276758171277,Airy and quiet 1 bedroom cottage,586880409.0,1.4706047645220485e+18,Jitka,Other Cities,Lawndale,33.900532070753044,-118.3533176562454,Entire home/apt,,30.0,0,,,2.0,0,0,
26000,1206722998829699593,Venice Bungalow w/ HUGE backyard,9525999.0,1.4625699653011676e+18,Jackie,City of Los Angeles,Venice,33.994752621434955,-118.4575095194213,Entire home/apt,200.0,30.0,2,2024-11-19,0.09,1.0,312,0,Hsr20-252607
26200,1220733852413326977,Modern Sherman Oaks Cottage,159248263.0,1.46855038269711e+18,Aliona,City of Los Angeles,Sherman Oaks,34.1666,-118.42736,Entire home/apt,547.0,2.0,0,,,1.0,350,0,HSR24-002129
26400,1219117179515599341,Light Filled loft apt in West LA,11565704.0,1.4628677235356326e+18,Reggie,Other Cities,Culver City,33.98573,-118.3836,Private room,183.0,2.0,3,2025-05-14,0.14,1.0,364,0,
26600,1227569247522709238,Zen studio space with cozy loft!,1727899.0,1.4625768789241436e+18,Braden,Unincorporated Areas,Topanga,34.10417541420948,-118.59219869130072,Entire home/apt,274.0,2.0,44,2026-05-03,1.99,1.0,348,15,
26800,1232745923921713261,Ensuite Private Bedroom in WestLA 25,595419332.0,1.4706253798503086e+18,Max,Other Cities,Culver City,34.00972,-118.41973,Private room,130.0,1.0,37,2026-06-01,1.74,20.0,362,20,
27000,1247941866394608615,Bohemian Bless Retreat+Gated Parking/ Beach/DT,102248692.0,1.4672270934952044e+18,Ashkan,Other Cities,Long Beach,33.79177750926029,-118.18111216643167,Entire home/apt,330.0,1.0,62,2026-05-31,3.23,5.0,256,41,NRP24-01841
27200,1254495445455232717,Hollywood Bungalow POP Room,155173.0,1.4625111409698117e+18,Aubrey,City of Los Angeles,Hollywood Hills,34.144526762003856,-118.34080325650056,Private room,113.0,1.0,56,2026-05-15,3.14,33.0,336,43,
27400,1269928256424436943,Boutique House in Hollywood,64262973.0,1.466793346824495e+18,Tyler,City of Los Angeles,Hollywood,34.085808464388606,-118.33698851996591,Entire home/apt,,30.0,0,,,1.0,364,0,
27600,1279416233450978900,Modern 2 story w/Garage Parking & Pool,8639323.0,1.4625659757889393e+18,Airbnb Gurus,City of Los Angeles,Valley Glen,34.18345794615342,-118.40544662694226,Entire home/apt,443.0,30.0,0,,,12.0,365,0,
27800,1280627209368052857,DT Alhambra 3BR | Garage Parking | Walk to Dining,249426084.0,1.469322269896112e+18,Jeff,Other Cities,Alhambra,34.09587677921414,-118.1289524061668,Entire home/apt,499.0,1.0,48,2026-06-07,2.44,13.0,327,27,
28000,1285295440615161869,Designer Touch Stylish Townhome,106090789.0,1.4672867757073388e+18,Alina,Other Cities,Glendale,34.162948655882104,-118.26216082761913,Entire home/apt,343.0,32.0,1,2025-01-01,0.06,12.0,193,0,
28200,1305834249502280040,Family Suite with 2 Rooms,42220.0,1.4625074613472084e+18,Terry,Other Cities,Long Beach,33.78851,-118.15762,Private room,200.0,1.0,11,2026-05-24,0.62,7.0,256,4,Exempt
28400,1309444538099966481,Ideal for Groups: 3 Rooms Ideal for LA Exploring,468914943.0,1.4701142821308321e+18,RoomPicks,City of Los Angeles,Echo Park,34.0661472,-118.2537528,Hotel room,552.0,30.0,1,2025-08-17,0.1,49.0,294,1,Exempt - This listing is a hotel or motel
28600,1304866266784373796,Upscale Hollywood Retreat - King,94368643.0,1.462857768908637e+18,Michael,Other Cities,Burbank,34.15343816477957,-118.3367060829913,Entire home/apt,245.0,2.0,63,2026-05-26,3.47,1.0,303,47,
28800,1323576104804658275,Beachy townhouse retreat - monthly rental,6558406.0,1.462546165583994e+18,Anna,Other Cities,Redondo Beach,33.87366,-118.3727,Private room,91.0,31.0,1,2025-02-09,0.06,1.0,53,0,
29000,1332263867101854231,Modern 2BR w/ Hot Tub Near LAX & Culver City,462077128.0,1.4685616769536899e+18,Aileen,City of Los Angeles,Playa Vista,33.98212,-118.41051,Entire home/apt,311.0,1.0,12,2026-05-18,0.79,16.0,223,10,
29200,1333458577174558148,Highrise Elegance,25010806.0,1.4653308555397947e+18,Nadia,City of Los Angeles,Downtown,34.04855,-118.25955,Entire home/apt,129.0,30.0,0,,,2.0,290,0,
29400,1338384328280511285,2 Rooms w/ Large Beds + Close to Stoney Point Park,501999514.0,1.470257160985456e+18,RoomPicks,City of Los Angeles,Chatsworth,34.249519,-118.6049181,Private room,449.0,1.0,0,,,76.0,365,0,Exempt - This listing is a hotel or motel
29600,1340711306155280773,Jie’s Family-Sized 4B Home in New Gated Community,19236518.0,1.4630724726082877e+18,LAhome,Other Cities,Baldwin Park,34.079384325208935,-117.95418766676302,Entire home/apt,202.0,31.0,3,2025-11-03,0.19,86.0,124,2,
29800,1353771619376986650,Clean & Cozy Studio Near Dining & Attractions,36236635.0,1.4655381170204547e+18,Jason,City of Los Angeles,Sherman Oaks,34.16933799310109,-118.46559907008412,Entire home/apt,111.0,30.0,2,2025-08-18,0.15,59.0,352,1,
30000,1347194263646041336,Santa Monica Luxury Suite ST,97714912.0,1.467177058487707e+18,Wendy & Vince,Other Cities,Santa Monica,34.02449,-118.50554,Private room,162.0,30.0,1,2025-03-06,0.06,4.0,365,0,226919
30200,1359520816624608146,40% off New rental room in LA w/private bath JS1,239226595.0,1.4632593934268127e+18,Wonnie,City of Los Angeles,Lincoln Heights,34.07642265452868,-118.20921361069172,Private room,48.0,30.0,0,,,68.0,365,0,
30400,1364941537170570411,Valley Village Retreat,159624014.0,1.4630062101852447e+18,Alon,City of Los Angeles,Valley Village,34.16522,-118.40532,Entire home/apt,489.0,30.0,1,2025-12-08,0.16,16.0,352,1,
30600,1379091320883412630,Gated Designers stunning Private Villa with Views.,3075694.0,1.462617751215912e+18,Dasquito Designs,City of Los Angeles,Studio City,34.13960200781364,-118.39755734190028,Entire home/apt,694.0,30.0,0,,,3.0,90,0,Exempt - This listing is a transient occupancy residential structure
30800,1387615864141140479,Cozy Co-Living Near USC,668954332.0,1.4706779652984297e+18,Chosan,City of Los Angeles,Exposition Park,34.025318,-118.3066138,Private room,60.0,31.0,0,,,275.0,293,0,
31000,1391356557585456806,UCLA Adjacent Private Room Rent,679821480.0,1.4639350703153562e+18,Zuma Housing,City of Los Angeles,Westwood,34.05871326532647,-118.4396317109878,Private room,59.0,30.0,0,,,162.0,344,0,
31200,1395076169518296004,Montana property,181981815.0,1.4687561137667804e+18,Salpy,Unincorporated Areas,Castaic,34.47141352256146,-118.6343179380184,Private room,228.0,1.0,30,2026-05-31,2.46,4.0,357,30,
31400,1396623731060670344,UCLA Private Room | Top Location,679821480.0,1.4639350703153562e+18,Zuma Housing,City of Los Angeles,Westwood,34.04988,-118.44098,Private room,72.0,30.0,0,,,162.0,335,0,
31600,1405237406542080931,Venice Beach 2BR w/ Private Rooftop,478438198.0,1.4701555262462943e+18,David,City of Los Angeles,Venice,33.9917856,-118.4763219,Entire home/apt,173.0,31.0,1,2025-08-06,0.09,1.0,302,1,
31800,1421976811978076592,Beautiful 2-bedroom in walkable Atwater Village,117267.0,1.4625099969294354e+18,Peter,City of Los Angeles,Atwater Village,34.12861,-118.26862,Entire home/apt,323.0,30.0,0,,,1.0,72,0,
32000,1423513310054578200,"Luxury 3-Bedroom Estate, High-End Comfort & Style",383528409.0,1.4697864219504095e+18,Moksha,City of Los Angeles,Hollywood Hills,34.11670043127611,-118.32749572172,Entire home/apt,766.0,1.0,7,2026-05-29,1.02,1.0,191,7,HSR25-002392
32200,1427513174274539788,Base Camp Bungalow,15290624.0,1.4625935445379904e+18,Ron,Other Cities,Inglewood,33.9356259,-118.3330863,Entire home/apt,186.0,31.0,0,,,1.0,364,0,
32400,1427075213818679090,(Top FL) | Private Bed & bath! Co-Living,690430385.0,1.4682461218079398e+18,Ann And Raymond,City of Los Angeles,Exposition Park,34.0229364,-118.3017999,Private room,53.0,30.0,2,2026-05-04,0.34,66.0,338,2,
32600,1437152751482833952,Peaceful 1BR Stay with 2Parking,329991301.0,1.463463485578743e+18,Chloe,Other Cities,Culver City,34.00893,-118.4154,Entire home/apt,224.0,1.0,42,2026-05-22,3.41,24.0,359,41,
32800,1445339115600260580,Near Los Angeles Stadium/Home Away From Home,33872966.0,1.4654951158459402e+18,Norma,Other Cities,Downey,33.9431897,-118.1210687,Entire home/apt,261.0,2.0,25,2026-06-07,2.22,2.0,206,25,
33000,1450238246084382625,Cute Fairfax Blvd 2 Bedroom by Lacma,383790851.0,1.4635762788962076e+18,Cozy Homes,Other Cities,Beverly Hills,34.07419,-118.39591,Entire home/apt,535.0,1.0,10,2025-12-11,1.05,90.0,77,10,
33200,1455908287872958443,Close to Aerospace | Theater Room + On-Site Dining,585911321.0,1.470602163092855e+18,Hotel In Palmdale,Other Cities,Palmdale,34.59964338898297,-118.13881532371832,Private room,193.0,1.0,5,2025-12-21,0.44,2.0,175,5,
33400,1463396185339854034,"*NEW* Westwood Penthouse 3 Bedroom, Modern Style!",409182550.0,1.4698686246343785e+18,Enclave Corporate Housing,City of Los Angeles,Sawtelle,34.04998,-118.44807,Entire home/apt,477.0,2.0,8,2026-06-05,0.89,2.0,89,8,
33600,1462520989756312099,Modern dtla gem w/ views + free parking,373539777.0,1.469758942783784e+18,Ifa,City of Los Angeles,Downtown,34.04711,-118.26276,Entire home/apt,160.0,30.0,1,2025-09-23,0.11,1.0,301,1,
33800,1476430177400368298,Spacious 4 bedroom/6 beds Townhome -FIFA World Cup,158795557.0,1.4685465079260204e+18,Rachel,City of Los Angeles,Silver Lake,34.09777,-118.25377,Entire home/apt,1398.0,2.0,11,2026-04-18,1.47,1.0,365,11,HSR25-002318
34000,1472513554336411211,Beverly Hills Lux Townhouse,587340774.0,1.4706062200406536e+18,Dan,City of Los Angeles,Pico-Robertson,34.0547158,-118.3956407,Entire home/apt,306.0,31.0,1,2026-05-12,0.81,11.0,352,1,
34200,1481755736815253469,Cozy Private Room & Bath,668954332.0,1.4706779652984297e+18,Chosan,City of Los Angeles,Exposition Park,34.0240353,-118.3060546,Private room,45.0,31.0,0,,,275.0,365,0,
34400,1488705872337680064,"Tranquil, Private Studio!",713736939.0,1.4886445132945956e+18,Goli,City of Los Angeles,Woodland Hills,34.15283,-118.62908,Private room,86.0,30.0,0,,,1.0,365,0,
34600,1492157109989681517,Alhambra高级公寓单间（游泳、停车位）,526656410.0,1.4703683165198659e+18,Yan,Other Cities,Monterey Park,34.06934037818983,-118.12597282626056,Private room,158.0,1.0,1,2025-08-28,0.1,35.0,364,1,
34800,1497153287824485765,Private 1b1b room downtown |,715568005.0,1.4959341370420342e+18,Chloe,City of Los Angeles,Exposition Park,34.02399,-118.30636,Private room,,30.0,0,,,17.0,16,0,
35000,1507566837829634248,azusa 4 bed,392789878.0,1.469814869032216e+18,Robert,Unincorporated Areas,Citrus,34.12083,-117.89684,Entire home/apt,367.0,2.0,0,,,8.0,365,0,
35200,1512505957215836373,New! Renovated Apt w New Furniture & Appliances,36236635.0,1.4655381170204547e+18,Jason,City of Los Angeles,Sherman Oaks,34.14692,-118.42665,Entire home/apt,128.0,31.0,2,2025-12-25,0.27,59.0,134,2,
35400,1508782931217131274,Bayfront Luxe,64464060.0,1.4667959952490153e+18,Suzanne,Other Cities,Long Beach,33.7557039,-118.1320388,Entire home/apt,503.0,3.0,17,2026-06-07,1.98,5.0,250,17,NRP25-02100
35600,1521748766226078405,Redondo Waterfront | Pool. Dining + Pet Friendly,721532133.0,1.5217467075937252e+18,Shade Hotel Redondo Beach,Other Cities,Redondo Beach,33.84731,-118.3944,Private room,1213.0,1.0,0,,,7.0,234,0,
35800,1527083354554293050,Bright & Stylish Condo in Downtown Long Beach,582753595.0,1.470593286348087e+18,Chelsea,Other Cities,Long Beach,33.773604,-118.1952683,Entire home/apt,357.0,1.0,5,2026-06-08,1.72,1.0,192,5,NRP24-01652
36000,1541052792512589575,Modern West Hollywood Double Suite,234446704.0,1.46924854035411e+18,Darwin,Other Cities,West Hollywood,34.08947,-118.35432,Entire home/apt,354.0,1.0,1,2026-02-13,0.24,5.0,167,1,Exempt
36200,1542237591397984940,Fully Equipped ADU Near Hospitals & Business Hubs,25323170.0,1.4653402220139195e+18,Aditya,City of Los Angeles,Encino,34.18051,-118.52111,Entire home/apt,105.0,30.0,0,,,1.0,306,0,
36400,1538493345235248490,Joyful place,270372958.0,1.4694281976725071e+18,Evelina,City of Los Angeles,Sherman Oaks,34.1375,-118.46744,Entire home/apt,274.0,1.0,10,2026-05-20,2.42,3.0,343,10,HSR25-002357
36600,1554645470565141913,"Private Room, 10 mins from DTLA - Pet-friendly!",427850690.0,1.469938884575072e+18,Haven Co-Living,City of Los Angeles,Boyle Heights,34.04618549187487,-118.21389228016,Private room,40.0,30.0,1,2026-04-01,0.39,35.0,365,1,
36800,1556794520184352112,LUX Hollywood Resort - Parking |Balcony |Pool |Gym,379382953.0,1.4697749997790413e+18,Wally,City of Los Angeles,Hollywood,34.094377602053804,-118.34539437322005,Entire home/apt,330.0,2.0,11,2026-05-27,1.74,14.0,226,11,Exempt
37000,1561455703359238364,Cozy private room special price 2,4780152.0,1.4625372374553434e+18,Sara M,City of Los Angeles,Westwood,34.055015515609625,-118.42979392985676,Private room,58.0,31.0,1,2026-05-23,1.0,114.0,320,1,
37200,1569969870594546996,Nice and cool bed room with a full size bed,732139807.0,1.5676056340544865e+18,Amber,Other Cities,Claremont,34.13512,-117.70838,Private room,94.0,31.0,1,2026-02-15,0.25,5.0,364,1,
37400,1572720788498417129,Small Studio in Venice Beach Close to Rose Avenue,733125006.0,1.5719642374900974e+18,Mid-Term Rentals LA,City of Los Angeles,Venice,33.99857742361493,-118.46929742225278,Entire home/apt,105.0,30.0,0,,,17.0,332,0,
37600,1581472277203114680,Hollywood Affordable Studio Close to Western Ave,731052124.0,1.577806708318939e+18,DeeDee,City of Los Angeles,Hollywood,34.10489,-118.31454,Private room,88.0,30.0,0,,,34.0,345,0,
37800,1587226012438743859,Jumpin Jack Flash,76816167.0,1.4669414615068698e+18,Richard,Other Cities,Carson,33.84721,-118.25974,Entire home/apt,119.0,1.0,1,2026-03-20,0.34,1.0,362,1,
38000,1581972355857967769,Upgraded 2BR apt w Rooftop Pool & Stunning Vibes,17299131.0,1.4630068328904246e+18,Robert,City of Los Angeles,Hollywood,34.10152,-118.32559,Entire home/apt,637.0,2.0,9,2026-04-17,1.89,21.0,359,9,Exempt - This listing is a hotel or motel
38200,1593909688354096905,Romantic Airstream Retreat Surrounded by Nature,483100938.0,1.4701752465618235e+18,Sam,Unincorporated Areas,Agua Dulce,34.48227,-118.37358,Entire home/apt,165.0,1.0,0,,,5.0,365,0,
38400,1598819708578390282,Luxury 6BR Arcadia Estate | Large Backyard S#42204,27324042.0,1.4654033831271084e+18,Sam,Other Cities,Arcadia,34.12192,-118.03534,Entire home/apt,644.0,29.0,0,,,14.0,365,0,
38600,1603165338496807964,"Ocean view, hot tub, large outdoor patio",41932275.0,1.5812555462698045e+18,Kerinia,City of Los Angeles,San Pedro,33.71863,-118.30429,Entire home/apt,371.0,2.0,1,2026-06-09,1.0,1.0,83,1,HSR26-000193
38800,1609808217516783257,"New LA Guest House near LAX, Stadiums, Beaches",743302794.0,1.6098082182025756e+18,Quin,City of Los Angeles,Hyde Park,33.9993041,-118.3227681,Entire home/apt,107.0,30.0,1,2026-05-09,0.77,1.0,347,1,
39000,1614590660561334193,"Venice Escape | A/C, Parking + W/D | Near Beach",7097097.0,1.4627233723723459e+18,Mike,City of Los Angeles,Venice,33.98563,-118.46547,Entire home/apt,177.0,30.0,0,,,3.0,175,0,
39200,1622776609622152627,Bright & Spacious Private Room w/Suite Bath 102.3,737411913.0,1.5896694173108068e+18,OngoingTeam,Other Cities,Glendale,34.13298,-118.25555,Private room,164.0,1.0,3,2026-05-08,1.22,19.0,12,3,
39400,1624868959234115824,"Beachside Loft | Pool, Hot Tub & 120” Cinema",465296097.0,1.4700970891481718e+18,Edo,Unincorporated Areas,Marina del Rey,33.97023,-118.45354,Entire home/apt,388.0,1.0,8,2026-06-07,2.38,1.0,166,8,
39600,1633143212883436399,宽敞明亮三房两卫别墅｜阳光庭院休闲空间，家庭度假轻松自在，靠近迪士尼与美食,133985407.0,1.468337462284712e+18,Ruby,Unincorporated Areas,South San Jose Hills,34.00937184378275,-117.9040750878906,Entire home/apt,406.0,1.0,16,2026-06-13,4.85,11.0,131,16,
39800,1629883498418169353,Architectural 2BR 2BA Loft w/ Skyline Views By USC,206654603.0,1.6247146498664947e+18,Pasha,City of Los Angeles,Adams-Normandie,34.02932374977495,-118.30614981953926,Entire home/apt,153.0,31.0,0,,,3.0,273,0,
40000,1639342374060672854,Nichols Canyon 3BD Home w/ Pool + Tennis Court,409985549.0,1.4636357328332413e+18,Bona Bona LLC,City of Los Angeles,Hollywood Hills,34.12243,-118.35655,Entire home/apt,866.0,30.0,0,,,20.0,365,0,
40200,1645674658786669007,Downtown LA Suite w/ Dining Space & City Views,495439249.0,1.4678434382318e+18,RoomPicks,City of Los Angeles,Downtown,34.04919,-118.24246,Hotel room,282.0,1.0,0,,,24.0,291,0,Exempt - This listing is a hotel or motel
40400,1647751404301212334,Patio| Ensuite Bathtu| Private Bed & Bath,651318479.0,1.4683792827940462e+18,Shark & Tina,City of Los Angeles,Exposition Park,34.02361833190009,-118.3067189938358,Private room,47.0,31.0,0,,,223.0,105,0,
40600,1654554930332225756,Modern Hollywood Studio•Gym• Free Parking•WI-FI,5856166.0,1.4685551642487854e+18,Dakota,City of Los Angeles,Hollywood,34.09539,-118.32971,Entire home/apt,228.0,1.0,3,2026-05-25,1.23,2.0,343,3,Exempt - This listing is a hotel or motel
40800,1650884601467284258,Apartment near Universal,743624522.0,1.617510391713901e+18,Anna,City of Los Angeles,Hollywood,34.09906162669969,-118.31964025592325,Entire home/apt,294.0,1.0,9,2026-06-08,3.8,4.0,70,9,Exempt - This listing is a hotel or motel
41000,1660291205577476954,好莱坞中心｜独立房+独立卫浴｜步行星光大道｜长短租,104030370.0,1.4672488383253645e+18,Allen,City of Los Angeles,Hollywood,34.0927054432732,-118.3117448233418,Private room,55.0,30.0,0,,,6.0,365,0,
41200,1663361025079846517,Private Bed & Bath | Business Travel,690430385.0,1.4682461218079398e+18,Ann And Raymond,City of Los Angeles,Exposition Park,34.0230539,-118.3019154,Private room,37.0,30.0,0,,,66.0,364,0,
41400,1669781490353803781,Rambla Vista Estate|Malibu Ocean Views By Canderra,1147942.0,1.4625162343263475e+18,Vardaan,Other Cities,Malibu,34.04018,-118.64506,Entire home/apt,2488.0,2.0,0,,,1.0,332,0,STR23-0022
41600,1670500642042049644,"Hollywood Hills, Close to Sunset and Universal",358824280.0,1.4697187696625974e+18,Cristina And James,City of Los Angeles,Hollywood Hills West,34.10807,-118.37414,Entire home/apt,741.0,1.0,0,,,1.0,33,0,HSR26-000883
41800,1673997558948587930,"Queen’s Necklace Views, Hot Tub & Pizza Oven",694906460.0,1.6739975597969987e+18,Zac,Unincorporated Areas,Topanga,34.04349,-118.57297,Entire home/apt,2310.0,2.0,1,2026-06-02,1.0,1.0,47,1,
42000,1681340850651091764,"Hollywood Foothills Oasis with Pool, Rooftop, View",50544665.0,1.4657746198810406e+18,Candice,City of Los Angeles,Hollywood,34.09906540963351,-118.35486401250397,Entire home/apt,750.0,30.0,0,,,1.0,364,0,HSR26-001011
42200,1680571706089318838,Explore Los Angeles l 2 Units w/ Pool Access,495438734.0,1.4702298927613588e+18,SBH Getaways,Other Cities,West Hollywood,34.0898352,-118.3790116,Hotel room,1030.0,1.0,0,,,74.0,355,0,Exempt
42400,1684195580020544538,2 Modern Double Stay Near Torrance Area,174792040.0,1.463062109462153e+18,Roompicks By Victoria,Other Cities,Torrance,33.84152,-118.30991,Private room,594.0,1.0,0,,,27.0,365,0,
42600,1685964600621622570,Beach View 1BR w/ Juliet Balconies + Large Patio,85048744.0,1.4670261597172247e+18,Sky,Other Cities,Hermosa Beach,33.85850729381152,-118.39919558015782,Entire home/apt,293.0,30.0,0,,,3.0,321,0,
42800,1693492155005294508,Close to Santa Monica Pier + Free Bikes & Gym,1.6645500124439693e+18,1.664557238517363e+18,Ambrose Santa Monica,Other Cities,Santa Monica,34.029290052781725,-118.48123129844063,Private room,414.0,1.0,0,,,6.0,174,0,Exempt
43000,1696557482583413715,"Private Beverly Hills Oasis | Pool, Spa & Garden",50747532.0,1.465778849649422e+18,Mariano,Other Cities,Beverly Hills,34.08126,-118.41207,Entire home/apt,717.0,1.0,0,,,6.0,297,0,
43200,1700572563947818497,Stylish Santa Monica Apartment Near Beach & Pier,730769375.0,1.5613849768232205e+18,SoftStayrental,Other Cities,Santa Monica,34.0323222,-118.4672123,Private room,394.0,1.0,0,,,7.0,44,0,Exempt
43400,1701838216796419790,The Hollywood Nook - One Bedroom,1.7009469809167677e+18,1.7011028391871923e+18,Summer Vibes,City of Los Angeles,Hollywood,34.10045,-118.32666,Entire home/apt,209.0,1.0,0,,,7.0,359,0,Exempt - This listing is a hotel or motel
43600,1704943333919949583,The City of Angels in your Hands,286746157.0,1.7049433347085545e+18,Gesler,City of Los Angeles,Pacoima,34.2615388,-118.4021388,Private room,66.0,30.0,0,,,1.0,364,0,
43800,1706112583664360887,USC Safe Zone | Top FL Private Bed & Bath,739959919.0,1.5978841339599278e+18,Jobs,City of Los Angeles,Exposition Park,34.0244184,-118.2993988,Private room,42.0,31.0,0,,,62.0,39,0,
